,step,train_loss,train_accuracy,valid_loss,valid_mean_token_accuracy
0,1,3.11709,0.54167,3.28847,0.36364
1,2,3.2391,0.46078,,
2,3,3.24339,0.58333,,
3,4,4.46964,0.41667,,
4,5,3.10036,0.51905,,
5,6,3.21543,0.46429,,
6,7,3.17571,0.52174,,
7,8,3.37909,0.55,,
8,9,2.98069,0.41667,,
9,10,3.12263,0.52273,,
10,11,2.71744,0.59804,,
11,12,2.58423,0.53947,,
12,13,3.31015,0.41667,,
13,14,2.90264,0.55769,,
14,15,2.52576,0.57778,,
15,16,2.67466,0.46296,,
16,17,2.33605,0.44444,,
17,18,2.11798,0.59821,,
18,19,1.90783,0.62698,,
19,20,1.69707,0.56818,,
20,21,1.85193,0.54167,,
21,22,1.28026,0.61111,,
22,23,1.78034,0.47619,,
23,24,1.02827,0.58333,,
24,25,0.96279,0.6627,,
25,26,0.91508,0.55,,
26,27,0.7241,0.55556,,
27,28,0.6171,0.5,,
28,29,0.46782,0.71364,,
29,30,0.30257,0.875,,
30,31,0.29123,0.80208,,
31,32,0.32578,0.74242,,
32,33,0.23085,0.91288,,
33,34,0.3515,0.77451,,
34,35,0.25862,0.80833,,
35,36,0.30207,0.74176,,
36,37,0.28871,0.81319,,
37,38,0.19705,0.77778,,
38,39,0.2389,0.77778,,
39,40,0.17361,0.95455,,
40,41,0.20595,0.86364,,
41,42,0.16214,0.89683,,
42,43,0.27206,0.72619,,
43,44,0.23487,0.7451,,
44,45,0.2005,0.85909,,
45,46,0.19609,0.86607,,
46,47,0.20478,0.79167,,
47,48,0.18375,0.92857,,
48,49,0.16825,0.92857,,
49,50,0.2338,0.79487,,
50,51,0.2043,0.86058,,
51,52,0.1988,0.94118,,
52,53,0.15517,0.96429,,
53,54,0.17801,0.91667,,
54,55,0.17416,0.90417,,
55,56,0.18674,0.93939,,
56,57,0.21907,0.82222,,
57,58,0.19806,0.91667,,
58,59,0.24771,0.91176,,
59,60,0.18717,0.88095,,
60,61,0.21799,0.81364,,
61,62,0.18427,0.91667,,
62,63,0.20907,0.81618,,
63,64,0.31829,0.8,,
64,65,0.19986,0.9375,,
65,66,0.21076,0.875,,
66,67,0.22543,0.875,,
67,68,0.25003,0.91176,,
68,69,0.26485,0.825,,
69,70,0.15645,0.95,,
70,71,0.22908,0.90909,,
71,72,0.22319,0.9,,
72,73,0.17939,0.89011,,
73,74,0.21056,0.90909,,
74,75,0.21714,0.91667,,
75,76,0.18159,0.94118,,
76,77,0.22405,0.76974,,
77,78,0.20583,0.85909,,
78,79,0.18887,0.85909,,
79,80,0.17756,0.92857,,
80,81,0.17134,0.94118,,
81,82,0.23066,0.83333,,
82,83,0.24963,0.71111,,
83,84,0.21171,0.85,,
84,85,0.14303,0.975,,
85,86,0.19987,0.91176,,
86,87,0.20044,0.80909,,
87,88,0.16605,0.90417,,
88,89,0.18198,0.86607,,
89,90,0.22577,0.85,,
90,91,0.23731,0.81319,,
91,92,0.16572,0.90179,,
92,93,0.18386,0.89286,,
93,94,0.18812,0.85,,
94,95,0.20487,0.82143,,
95,96,0.16911,0.95,,
96,97,0.19363,0.85714,,
97,98,0.20605,0.85714,,
98,99,0.22451,0.82212,,
99,100,0.19852,0.86058,,
100,101,0.20309,0.79048,0.17974,0.36364
101,102,0.20951,0.85165,,
102,103,0.20683,0.82197,,
103,104,0.20303,0.81667,,
104,105,0.25944,0.84444,,
105,106,0.19381,0.86607,,
106,107,0.19013,0.89904,,
107,108,0.14766,1.0,,
108,109,0.19016,0.80208,,
109,110,0.21485,0.81667,,
110,111,0.25538,0.83333,,
111,112,0.19598,0.90909,,
112,113,0.25967,0.78788,,
113,114,0.205,0.89524,,
114,115,0.2244,0.83333,,
115,116,0.14607,0.90909,,
116,117,0.16048,0.93333,,
117,118,0.1372,0.95455,,
118,119,0.21622,0.85714,,
119,120,0.22806,0.8,,
120,121,0.33259,0.66667,,
121,122,0.18697,0.90625,,
122,123,0.18248,0.94118,,
123,124,0.20637,0.81364,,
124,125,0.20541,0.85455,,
125,126,0.15573,0.95833,,
126,127,0.23467,0.76389,,
127,128,0.22086,0.78571,,
128,129,0.21335,0.85185,,
129,130,0.24135,0.8,,
130,131,0.16882,0.96875,,
131,132,0.20867,0.81364,,
132,133,0.22974,0.79048,,
133,134,0.21835,0.81818,,
134,135,0.22937,0.7803,,
135,136,0.20804,0.86364,,
136,137,0.2352,0.80952,,
137,138,0.17241,0.90455,,
138,139,0.24052,0.75,,
139,140,0.23681,0.78571,,
140,141,0.18862,0.86364,,
141,142,0.1914,0.76786,,
142,143,0.20434,0.89899,,
143,144,0.17465,0.90179,,
144,145,0.1753,0.87121,,
145,146,0.16659,0.93333,,
146,147,0.21043,0.85455,,
147,148,0.21573,0.8,,
148,149,0.22457,0.76667,,
149,150,0.1171,1.0,,
150,151,0.28833,0.73333,,
151,152,0.12081,1.0,,
152,153,0.23324,0.74747,,
153,154,0.28476,0.7619,,
154,155,0.22535,0.7451,,
155,156,0.18277,0.89286,,
156,157,0.20518,0.83333,,
157,158,0.21101,0.82857,,
158,159,0.21294,0.81364,,
159,160,0.18134,0.83482,,
160,161,0.20191,0.9375,,
161,162,0.18777,0.90179,,
162,163,0.19347,0.76786,,
163,164,0.2046,0.8,,
164,165,0.20045,0.775,,
165,166,0.18464,0.82609,,
166,167,0.18069,0.87083,,
167,168,0.19901,0.89177,,
168,169,0.20419,0.85859,,
169,170,0.20247,0.85455,,
170,171,0.09956,1.0,,
171,172,0.17471,0.85859,,
172,173,0.24058,0.85455,,
173,174,0.2383,0.85714,,
174,175,0.23063,0.85455,,
175,176,0.31774,0.71795,,
176,177,0.18246,0.92857,,
177,178,0.18905,0.8,,
178,179,0.20177,0.85455,,
179,180,0.26058,0.73333,,
180,181,0.21284,0.85354,,
181,182,0.19656,0.89474,,
182,183,0.22493,0.9,,
183,184,0.22536,0.82857,,
184,185,0.20698,0.85909,,
185,186,0.21847,0.82857,,
186,187,0.20956,0.85909,,
187,188,0.19983,0.85354,,
188,189,0.20921,0.74167,,
189,190,0.20887,1.0,,
190,191,0.21221,0.88462,,
191,192,0.21031,0.79808,,
192,193,0.18894,0.81818,,
193,194,0.20307,0.86607,,
194,195,0.19259,0.90909,,
195,196,0.18579,0.91667,,
196,197,0.20068,0.78676,,
197,198,0.20593,0.85714,,
198,199,0.20886,0.85714,,
199,200,0.19438,0.92857,,
200,201,0.17951,0.89524,0.18219,0.36364
201,202,0.17161,0.97368,,
202,203,0.16717,0.97368,,
203,204,0.17515,0.9,,
204,205,0.14887,0.97368,,
205,206,0.17541,0.90909,,
206,207,0.22716,0.77778,,
207,208,0.21639,0.8,,
208,209,0.12237,0.95455,,
209,210,0.16299,0.93333,,
210,211,0.39379,0.71795,,
211,212,0.22811,0.91176,,
212,213,0.23529,0.85714,,
213,214,0.13317,0.96667,,
214,215,0.16866,0.94444,,
215,216,0.3337,0.73333,,
216,217,0.17562,0.92208,,
217,218,0.22035,0.85455,,
218,219,0.23701,0.78788,,
219,220,0.17587,0.90909,,
220,221,0.20493,0.88571,,
221,222,0.23506,0.83974,,
222,223,0.17932,0.9375,,
223,224,0.19501,0.89474,,
224,225,0.19015,0.93333,,
225,226,0.20371,0.89474,,
226,227,0.21957,0.72727,,
227,228,0.1859,0.82955,,
228,229,0.2006,0.92857,,
229,230,0.19628,0.89286,,
230,231,0.18358,0.97222,,
231,232,0.20488,0.90455,,
232,233,0.17552,0.93333,,
233,234,0.22293,0.85,,
234,235,0.19693,0.77778,,
235,236,0.15354,0.90417,,
236,237,0.17363,0.97368,,
237,238,0.18541,0.92857,,
238,239,0.17998,0.93333,,
239,240,0.21533,0.8,,
240,241,0.1679,0.90909,,
241,242,0.18715,0.83333,,
242,243,0.12826,0.96667,,
243,244,0.13819,0.92857,,
244,245,0.30666,0.81319,,
245,246,0.355,0.71795,,
246,247,0.16368,0.92857,,
247,248,0.1847,0.9,,
248,249,0.11644,0.95455,,
249,250,0.28967,0.7619,,
250,251,0.11365,0.92857,,
251,252,0.14,0.95455,,
252,253,0.18356,0.9,,
253,254,0.17891,0.92857,,
254,255,0.15023,0.89524,,
255,256,0.29411,0.81319,,
256,257,0.18403,0.89524,,
257,258,0.22914,0.88462,,
258,259,0.1413,0.97368,,
259,260,0.20282,0.77778,,
260,261,0.25417,0.8,,
261,262,0.16541,0.92857,,
262,263,0.2137,0.78571,,
263,264,0.17981,0.86607,,
264,265,0.17064,0.90909,,
265,266,0.25766,0.71875,,
266,267,0.20835,0.80909,,
267,268,0.2003,0.86364,,
268,269,0.19588,0.92308,,
269,270,0.19095,0.87121,,
270,271,0.19808,0.88889,,
271,272,0.21155,0.74495,,
272,273,0.16961,0.95455,,
273,274,0.18045,0.84722,,
274,275,0.1895,0.84127,,
275,276,0.17078,0.875,,
276,277,0.19223,0.86607,,
277,278,0.2755,0.70833,,
278,279,0.21846,0.81319,,
279,280,0.2245,0.85455,,
280,281,0.17708,0.89524,,
281,282,0.22164,0.81097,,
282,283,0.21779,0.88462,,
283,284,0.18351,0.89524,,
284,285,0.17344,0.89732,,
285,286,0.22002,0.83333,,
286,287,0.20952,0.88462,,
287,288,0.18263,0.7807,,
288,289,0.18595,0.85714,,
289,290,0.22394,0.79762,,
290,291,0.19078,0.88889,,
291,292,0.21593,0.85,,
292,293,0.18205,0.94444,,
293,294,0.19057,0.86147,,
294,295,0.21542,0.78022,,
295,296,0.19084,0.90455,,
296,297,0.18032,0.91667,,
297,298,0.17746,0.91288,,
298,299,0.21605,0.78571,,
299,300,0.18381,0.93333,,
300,301,0.22824,0.73958,0.19823,0.28571
301,302,0.24839,0.73333,,
302,303,0.19939,0.81097,,
303,304,0.19265,0.73333,,
304,305,0.19016,0.86058,,
305,306,0.18167,0.93333,,
306,307,0.18362,0.92857,,
307,308,0.20612,0.85455,,
308,309,0.1805,0.94444,,
309,310,0.23864,0.78788,,
310,311,0.25776,0.73333,,
311,312,0.22231,0.8,,
312,313,0.17922,0.89524,,
313,314,0.22783,0.73958,,
314,315,0.2308,0.80128,,
315,316,0.18118,0.92105,,
316,317,0.18758,0.91667,,
317,318,0.22986,0.79167,,
318,319,0.20173,0.85909,,
319,320,0.2076,0.76786,,
320,321,0.19815,0.96154,,
321,322,0.20817,0.80208,,
322,323,0.20104,0.90909,,
323,324,0.19738,0.79167,,
324,325,0.21184,0.91667,,
325,326,0.20814,0.775,,
326,327,0.20816,0.75,,
327,328,0.19622,0.85714,,
328,329,0.18457,0.90455,,
329,330,0.19665,0.79048,,
330,331,0.1934,0.94444,,
331,332,0.19823,0.89286,,
332,333,0.20204,0.775,,
333,334,0.22086,0.79365,,
334,335,0.16187,0.97368,,
335,336,0.18814,0.83333,,
336,337,0.17507,0.90909,,
337,338,0.24129,0.81319,,
338,339,0.35101,0.66667,,
339,340,0.20986,0.85455,,
340,341,0.3048,0.71795,,
341,342,0.23366,0.8,,
342,343,0.23651,0.7451,,
343,344,0.20362,0.85859,,
344,345,0.22679,0.8,,
345,346,0.17727,0.96667,,
346,347,0.19672,0.93333,,
347,348,0.19731,0.93333,,
348,349,0.18686,0.81818,,
349,350,0.19116,0.95,,
350,351,0.19107,0.82857,,
351,352,0.20136,0.85909,,
352,353,0.19238,0.90909,,
353,354,0.18936,0.89011,,
354,355,0.2059,0.85909,,
355,356,0.21227,0.85714,,
356,357,0.20209,0.82857,,
357,358,0.1997,0.92857,,
358,359,0.20675,0.76389,,
359,360,0.19536,0.80833,,
360,361,0.18197,0.95455,,
361,362,0.19434,0.79464,,
362,363,0.20713,0.78676,,
363,364,0.21358,0.85,,
364,365,0.20961,0.83333,,
365,366,0.18659,0.97222,,
366,367,0.20151,0.84559,,
367,368,0.17167,0.9375,,
368,369,0.22809,0.71569,,
369,370,0.19586,0.89286,,
370,371,0.18409,0.95,,
371,372,0.19721,0.92308,,
372,373,0.21223,0.78125,,
373,374,0.21633,0.83889,,
374,375,0.18857,0.92105,,
375,376,0.21103,0.91667,,
376,377,0.20318,0.80833,,
377,378,0.20089,0.94118,,
378,379,0.20119,0.85909,,
379,380,0.19309,0.775,,
380,381,0.21726,0.88333,,
381,382,0.18936,0.85909,,
382,383,0.20826,0.82143,,
383,384,0.18402,0.95,,
384,385,0.18771,0.97059,,
385,386,0.18747,0.90455,,
386,387,0.20325,0.90455,,
387,388,0.1958,0.90909,,
388,389,0.19112,0.87143,,
389,390,0.21405,0.80556,,
390,391,0.22143,0.81618,,
391,392,0.19861,0.85,,
392,393,0.17983,0.9375,,
393,394,0.1895,0.94444,,
394,395,0.199,0.875,,
395,396,0.19527,0.80833,,
396,397,0.19815,0.85165,,
397,398,0.1849,0.97059,,
398,399,0.23766,0.86667,,
399,400,0.16329,0.95455,,
400,401,0.19302,0.79605,0.20628,0.43478
401,402,0.19419,0.85,,
402,403,0.2332,0.83889,,
403,404,0.1834,0.88095,,
404,405,0.21682,0.78571,,
405,406,0.22193,0.775,,
406,407,0.18864,0.90909,,
407,408,0.18677,0.90909,,
408,409,0.1927,0.85714,,
409,410,0.19167,0.81944,,
410,411,0.24366,0.75036,,
411,412,0.16847,0.95,,
412,413,0.21413,0.80909,,
413,414,0.17851,0.95455,,
414,415,0.16618,0.90625,,
415,416,0.19537,0.94118,,
416,417,0.17063,0.97222,,
417,418,0.17774,0.89732,,
418,419,0.25007,0.89286,,
419,420,0.19317,0.92857,,
420,421,0.20998,0.86607,,
421,422,0.14206,0.90909,,
422,423,0.19526,0.77083,,
423,424,0.21475,0.8,,
424,425,0.17887,0.84524,,
425,426,0.19251,0.8,,
426,427,0.33466,0.81667,,
427,428,0.32588,0.79167,,
428,429,0.17463,0.94444,,
429,430,0.16602,0.89524,,
430,431,0.14797,0.96429,,
431,432,0.17811,0.89011,,
432,433,0.2658,0.74342,,
433,434,0.20202,0.90909,,
434,435,0.22829,0.81818,,
435,436,0.21645,0.82143,,
436,437,0.19198,0.8381,,
437,438,0.17246,0.81618,,
438,439,0.1665,0.86742,,
439,440,0.18066,0.96667,,
440,441,0.21252,0.82143,,
441,442,0.1858,0.78571,,
442,443,0.20312,0.9,,
443,444,0.18715,0.96154,,
444,445,0.22991,0.74735,,
445,446,0.17506,0.94737,,
446,447,0.24433,0.78125,,
447,448,0.2031,0.85909,,
448,449,0.19739,0.88462,,
449,450,0.19082,0.90455,,
450,451,0.17757,0.91667,,
451,452,0.20512,0.85165,,
452,453,0.19923,0.85833,,
453,454,0.19301,0.82143,,
454,455,0.20876,0.80909,,
455,456,0.19481,0.77778,,
456,457,0.18947,0.8381,,
457,458,0.20009,0.80357,,
458,459,0.23322,0.875,,
459,460,0.22462,0.90625,,
460,461,0.19151,0.9,,
461,462,0.17831,0.95,,
462,463,0.16033,0.91288,,
463,464,0.18391,0.94444,,
464,465,0.18203,0.77778,,
465,466,0.20114,0.85714,,
466,467,0.25397,0.7451,,
467,468,0.14696,0.88889,,
468,469,0.16167,0.84127,,
469,470,0.20336,0.85455,,
470,471,0.23774,0.7619,,
471,472,0.20871,0.7881,,
472,473,0.17651,0.90455,,
473,474,0.1477,0.92857,,
474,475,0.19098,0.85714,,
475,476,0.20787,0.78571,,
476,477,0.13175,1.0,,
477,478,0.22042,0.85455,,
478,479,0.21303,0.81319,,
479,480,0.17526,0.86364,,
480,481,0.23908,0.83333,,
481,482,0.16213,0.90909,,
482,483,0.16208,0.95,,
483,484,0.14831,0.89524,,
484,485,0.17817,0.97222,,
485,486,0.22166,0.89286,,
486,487,0.18414,0.95,,
487,488,0.15088,0.88636,,
488,489,0.19351,0.85455,,
489,490,0.18445,0.80208,,
490,491,0.14393,1.0,,
491,492,0.20593,0.81818,,
492,493,0.1963,0.80909,,
493,494,0.19576,0.81868,,
494,495,0.25,0.83333,,
495,496,0.18884,0.81618,,
496,497,0.24339,0.85714,,
497,498,0.17759,0.9,,
498,499,0.1153,1.0,,
499,500,0.29432,0.875,,
500,501,0.23443,0.86364,0.29956,0.28571
501,502,0.15799,0.88095,,
502,503,0.31799,0.85714,,
503,504,0.21698,0.79798,,
504,505,0.25506,0.87121,,
505,506,0.23105,0.81618,,
506,507,0.15383,0.95,,
507,508,0.21046,0.86111,,
508,509,0.20393,0.95,,
509,510,0.23935,0.89474,,
510,511,0.19211,0.875,,
511,512,0.22681,0.79808,,
512,513,0.21135,0.85606,,
513,514,0.1985,0.89444,,
514,515,0.19629,0.75,,
515,516,0.20268,0.79048,,
516,517,0.21997,0.79167,,
517,518,0.18234,0.94444,,
518,519,0.15996,0.96429,,
519,520,0.23407,0.72619,,
520,521,0.17587,0.9,,
521,522,0.22182,0.88462,,
522,523,0.19071,0.88333,,
523,524,0.25919,0.73333,,
524,525,0.20384,0.8,,
525,526,0.211,0.80909,,
526,527,0.14822,1.0,,
527,528,0.19104,0.8,,
528,529,0.17335,0.90909,,
529,530,0.19002,0.85455,,
530,531,0.20911,0.85,,
531,532,0.17814,0.86364,,
532,533,0.20569,0.81319,,
533,534,0.20593,0.91667,,
534,535,0.19528,0.89474,,
535,536,0.20009,0.85606,,
536,537,0.19895,0.89904,,
537,538,0.18792,0.91111,,
538,539,0.20054,0.86364,,
539,540,0.19908,0.85,,
540,541,0.17806,0.96154,,
541,542,0.23555,0.79167,,
542,543,0.21472,0.85714,,
543,544,0.18713,0.94118,,
544,545,0.18323,0.90476,,
545,546,0.19505,0.91667,,
546,547,0.16134,0.96154,,
547,548,0.17396,0.94737,,
548,549,0.19388,0.92857,,
549,550,0.22083,0.81618,,
550,551,0.2459,0.85714,,
551,552,0.19248,0.92857,,
552,553,0.21606,0.78571,,
553,554,0.29263,0.76667,,
554,555,0.25858,0.85714,,
555,556,0.24292,0.775,,
556,557,0.19439,0.90625,,
557,558,0.19819,0.86607,,
558,559,0.20063,0.83571,,
559,560,0.17864,0.89011,,
560,561,0.20924,0.8,,
561,562,0.16325,0.9,,
562,563,0.18151,0.92857,,
563,564,0.19614,0.86607,,
564,565,0.19126,0.82222,,
565,566,0.18179,0.85859,,
566,567,0.19452,0.9,,
567,568,0.1951,0.92857,,
568,569,0.16363,0.85455,,
569,570,0.21295,0.77778,,
570,571,0.22077,0.85455,,
571,572,0.18324,0.85455,,
572,573,0.18786,0.77778,,
573,574,0.2102,0.83333,,
574,575,0.15403,0.96667,,
575,576,0.19771,0.85455,,
576,577,0.15952,0.94444,,
577,578,0.13851,0.89524,,
578,579,0.24533,0.7619,,
579,580,0.15263,0.9375,,
580,581,0.1835,0.92857,,
581,582,0.19321,0.85714,,
582,583,0.16291,0.90417,,
583,584,0.28611,0.75253,,
584,585,0.17525,0.81944,,
585,586,0.17411,0.92857,,
586,587,0.16364,0.875,,
587,588,0.177,0.85714,,
588,589,0.31243,0.88889,,
589,590,0.18852,0.81818,,
590,591,0.19537,0.91667,,
591,592,0.17547,0.89524,,
592,593,0.17397,0.86607,,
593,594,0.19969,0.81667,,
594,595,0.152,1.0,,
595,596,0.15194,1.0,,
596,597,0.16662,0.94444,,
597,598,0.16684,0.91667,,
598,599,0.30704,0.92308,,
599,600,0.39916,0.88235,,
600,601,0.15132,0.81389,0.32846,0.2
601,602,0.26843,0.74242,,
602,603,0.32976,0.78571,,
603,604,0.21259,0.85714,,
604,605,0.19519,0.84375,,
605,606,0.16651,0.80556,,
606,607,0.19169,0.92857,,
607,608,0.19448,0.80208,,
608,609,0.18468,0.91176,,
609,610,0.21049,0.85714,,
610,611,0.22037,0.85909,,
611,612,0.17548,0.86607,,
612,613,0.27155,0.75,,
613,614,0.19426,0.85909,,
614,615,0.18389,0.90909,,
615,616,0.20297,0.80357,,
616,617,0.18932,0.95,,
617,618,0.17512,0.90909,,
618,619,0.18817,0.9,,
619,620,0.15793,0.92857,,
620,621,0.21886,0.96296,,
621,622,0.21567,0.85714,,
622,623,0.1902,0.82381,,
623,624,0.18256,0.94118,,
624,625,0.19489,0.85714,,
625,626,0.16288,0.92308,,
626,627,0.1801,0.90455,,
627,628,0.23516,0.80556,,
628,629,0.20457,0.78261,,
629,630,0.15023,0.86607,,
630,631,0.16361,0.90833,,
631,632,0.22105,0.83889,,
632,633,0.19023,0.88235,,
633,634,0.22911,0.90417,,
634,635,0.14829,0.9,,
635,636,0.20319,0.78676,,
636,637,0.19496,0.80392,,
637,638,0.24454,0.78676,,
638,639,0.18783,0.89286,,
639,640,0.20818,0.88889,,
640,641,0.15767,0.86607,,
641,642,0.1283,0.95833,,
642,643,0.21435,0.75641,,
643,644,0.15934,0.92857,,
644,645,0.20893,0.92857,,
645,646,0.20956,0.77451,,
646,647,0.18313,0.94444,,
647,648,0.14327,0.95833,,
648,649,0.14899,0.90909,,
649,650,0.21013,0.97059,,
650,651,0.14874,1.0,,
651,652,0.23903,0.85455,,
652,653,0.21526,0.90625,,
653,654,0.16529,0.92857,,
654,655,0.14416,0.96429,,
655,656,0.16328,0.95,,
656,657,0.14952,0.89732,,
657,658,0.23958,0.80952,,
658,659,0.1443,0.97222,,
659,660,0.22383,0.92857,,
660,661,0.21581,0.85354,,
661,662,0.1664,0.88542,,
662,663,0.1918,0.88095,,
663,664,0.1802,0.77778,,
664,665,0.21901,0.89286,,
665,666,0.20793,0.95,,
666,667,0.24629,0.75641,,
667,668,0.14998,0.90625,,
668,669,0.1813,0.84375,,
669,670,0.15236,0.95455,,
670,671,0.1704,0.925,,
671,672,0.24028,0.79487,,
672,673,0.14849,0.95238,,
673,674,0.19873,0.91667,,
674,675,0.22336,0.79048,,
675,676,0.19343,0.9,,
676,677,0.17286,0.91667,,
677,678,0.21532,0.84524,,
678,679,0.19939,0.89474,,
679,680,0.23364,0.81364,,
680,681,0.19968,0.92308,,
681,682,0.19265,0.85,,
682,683,0.1428,1.0,,
683,684,0.14987,0.95,,
684,685,0.18558,0.8619,,
685,686,0.16233,0.81944,,
686,687,0.17347,0.88636,,
687,688,0.1514,0.88333,,
688,689,0.16204,0.89899,,
689,690,0.18616,0.91667,,
690,691,0.18182,0.87121,,
691,692,0.13943,0.92857,,
692,693,0.19537,0.76974,,
693,694,0.22398,0.92857,,
694,695,0.17497,0.97059,,
695,696,0.15183,0.89011,,
696,697,0.12398,1.0,,
697,698,0.42057,0.88889,,
698,699,0.07673,1.0,,
699,700,0.37058,0.75,,
700,701,0.15232,0.96429,0.18389,0.28571
701,702,0.18073,0.86364,,
702,703,0.32371,0.80455,,
703,704,0.19154,0.85714,,
704,705,0.18196,0.9,,
705,706,0.29091,0.91667,,
706,707,0.14305,0.94737,,
707,708,0.15972,0.87121,,
708,709,0.15325,0.86058,,
709,710,0.25534,0.83889,,
710,711,0.26971,0.86364,,
711,712,0.14035,0.96429,,
712,713,0.13552,0.86957,,
713,714,0.14321,1.0,,
714,715,0.15027,0.88333,,
715,716,0.15333,0.95,,
716,717,0.15752,0.91667,,
717,718,0.17727,0.90417,,
718,719,0.21556,0.85354,,
719,720,0.24477,0.88462,,
720,721,0.12171,0.90417,,
721,722,0.14608,0.89524,,
722,723,0.26883,0.88095,,
723,724,0.21949,0.90179,,
724,725,0.17558,0.86607,,
725,726,0.13658,0.9,,
726,727,0.10814,0.92857,,
727,728,0.14006,0.94444,,
728,729,0.13745,0.95238,,
729,730,0.08162,0.92857,,
730,731,0.21073,0.95455,,
731,732,0.20474,0.88462,,
732,733,0.26529,0.85714,,
733,734,0.11199,0.93333,,
734,735,0.30467,0.85,,
735,736,0.15518,0.86905,,
736,737,0.2713,0.78676,,
737,738,0.22048,0.7619,,
738,739,0.16142,0.90455,,
739,740,0.18906,0.91111,,
740,741,0.17196,0.95455,,
741,742,0.1335,1.0,,
742,743,0.14478,0.95,,
743,744,0.13223,0.90455,,
744,745,0.14852,0.95238,,
745,746,0.18252,0.94737,,
746,747,0.25755,0.7803,,
747,748,0.25113,0.76974,,
748,749,0.24258,0.86742,,
749,750,0.13392,0.96429,,
750,751,0.16711,0.93333,,
751,752,0.22584,0.875,,
752,753,0.08239,1.0,,
753,754,0.23971,0.9,,
754,755,0.19127,0.85714,,
755,756,0.09517,0.97368,,
756,757,0.12822,0.97059,,
757,758,0.15764,0.83333,,
758,759,0.24223,0.82576,,
759,760,0.1819,0.90909,,
760,761,0.12246,0.95455,,
761,762,0.17169,0.90455,,
762,763,0.25583,0.83333,,
763,764,0.19783,0.83333,,
764,765,0.08073,0.94737,,
765,766,0.27163,0.85,,
766,767,0.10266,0.96667,,
767,768,0.12654,0.83333,,
768,769,0.43653,0.83333,,
769,770,0.31258,0.85165,,
770,771,0.08744,0.96429,,
771,772,0.14783,0.91667,,
772,773,0.14789,0.91414,,
773,774,0.09592,0.92857,,
774,775,0.21383,0.92308,,
775,776,0.15535,0.94118,,
776,777,0.17757,0.77778,,
777,778,0.36561,0.78889,,
778,779,0.08412,0.97222,,
779,780,0.16627,0.80556,,
780,781,0.16917,0.92308,,
781,782,0.23699,0.91667,,
782,783,0.13457,0.97059,,
783,784,0.12543,1.0,,
784,785,0.11962,0.92857,,
785,786,0.19789,0.90455,,
786,787,0.20649,0.9,,
787,788,0.18164,0.83929,,
788,789,0.19715,0.85165,,
789,790,0.17559,0.90455,,
790,791,0.13411,0.90476,,
791,792,0.16204,0.89286,,
792,793,0.17571,0.90455,,
793,794,0.11596,0.96429,,
794,795,0.21016,0.925,,
795,796,0.11053,0.93333,,
796,797,0.1137,0.89286,,
797,798,0.11322,0.96875,,
798,799,0.23543,0.88333,,
799,800,0.12285,0.95,,
800,801,0.1071,1.0,0.1546,0.36364
801,802,0.15315,0.95238,,
802,803,0.12156,0.91304,,
803,804,0.17142,0.89524,,
804,805,0.09031,0.97222,,
805,806,0.1626,0.97222,,
806,807,0.18344,0.90455,,
807,808,0.30615,0.88571,,
808,809,0.23881,0.9246,,
809,810,0.08618,0.96875,,
810,811,0.2001,0.86058,,
811,812,0.22143,0.77083,,
812,813,0.10856,0.95455,,
813,814,0.08453,0.96875,,
814,815,0.12338,0.94444,,
815,816,0.41474,0.86667,,
816,817,0.06535,1.0,,
817,818,0.06372,1.0,,
818,819,0.28595,0.84559,,
819,820,0.12066,0.96875,,
820,821,0.09202,0.9697,,
821,822,0.14682,0.96154,,
822,823,0.12797,0.96154,,
823,824,0.26021,0.85,,
824,825,0.1873,0.96429,,
825,826,0.23872,0.84343,,
826,827,0.20753,0.9213,,
827,828,0.10832,0.95833,,
828,829,0.12614,0.95833,,
829,830,0.13767,0.94118,,
830,831,0.08181,1.0,,
831,832,0.19319,0.87121,,
832,833,0.13461,0.95455,,
833,834,0.1178,0.96154,,
834,835,0.11524,0.92857,,
835,836,0.24068,0.85833,,
836,837,0.14791,0.89011,,
837,838,0.38221,0.85455,,
838,839,0.20423,0.92857,,
839,840,0.20899,0.9,,
840,841,0.16089,0.875,,
841,842,0.23685,0.82143,,
842,843,0.17758,0.91667,,
843,844,0.24809,0.92308,,
844,845,0.19045,0.92857,,
845,846,0.14878,0.97222,,
846,847,0.14854,0.95238,,
847,848,0.13631,0.95,,
848,849,0.24896,0.81868,,
849,850,0.3734,0.74747,,
850,851,0.11168,0.95455,,
851,852,0.08858,1.0,,
852,853,0.12419,0.94444,,
853,854,0.25454,0.85165,,
854,855,0.12272,1.0,,
855,856,0.17942,0.90476,,
856,857,0.16153,0.84167,,
857,858,0.13919,0.96154,,
858,859,0.24759,0.88889,,
859,860,0.12241,0.90455,,
860,861,0.09847,0.95455,,
861,862,0.1347,1.0,,
862,863,0.10429,0.95833,,
863,864,0.11093,0.95,,
864,865,0.13103,0.95,,
865,866,0.2734,0.82857,,
866,867,0.16122,0.96154,,
867,868,0.16746,0.94737,,
868,869,0.12776,0.93333,,
869,870,0.09928,0.96875,,
870,871,0.32857,0.97222,,
871,872,0.08861,1.0,,
872,873,0.18562,0.94118,,
873,874,0.23773,0.88889,,
874,875,0.2736,0.94444,,
875,876,0.12256,0.96429,,
876,877,0.18238,0.8619,,
877,878,0.07665,1.0,,
878,879,0.11654,0.96429,,
879,880,0.06597,0.95455,,
880,881,0.11343,0.96667,,
881,882,0.17301,0.97368,,
882,883,0.21896,0.89286,,
883,884,0.13698,0.95455,,
884,885,0.13449,0.95,,
885,886,0.06457,0.95238,,
886,887,0.07023,0.95455,,
887,888,0.1794,0.91667,,
888,889,0.15881,0.89524,,
889,890,0.11952,0.95,,
890,891,0.09002,0.96667,,
891,892,0.25248,0.89444,,
892,893,0.09603,0.91667,,
893,894,0.06755,1.0,,
894,895,0.10896,0.95455,,
895,896,0.07742,1.0,,
896,897,0.09172,1.0,,
897,898,0.24522,0.9,,
898,899,0.25498,0.94118,,
899,900,0.15663,0.90455,,
900,901,0.08897,0.96667,0.20981,0.36364
901,902,0.35181,0.87121,,
902,903,0.10062,1.0,,
903,904,0.21455,0.95,,
904,905,0.0937,0.96154,,
905,906,0.02841,1.0,,
906,907,0.08689,0.96667,,
907,908,0.08153,0.96875,,
908,909,0.20543,0.91905,,
909,910,0.11435,0.95,,
910,911,0.16379,0.95,,
911,912,0.16408,0.92857,,
912,913,0.10196,0.97059,,
913,914,0.19569,0.97222,,
914,915,0.14995,0.90909,,
915,916,0.07797,1.0,,
916,917,0.08309,0.95238,,
917,918,0.09638,0.95833,,
918,919,0.11064,0.97222,,
919,920,0.10212,1.0,,
920,921,0.31528,0.8869,,
921,922,0.08223,1.0,,
922,923,0.2376,0.92308,,
923,924,0.15922,0.96667,,
924,925,0.09192,0.9697,,
925,926,0.11338,1.0,,
926,927,0.1141,0.91667,,
927,928,0.23644,0.85,,
928,929,0.01916,1.0,,
929,930,0.18561,0.85455,,
930,931,0.12404,0.88889,,
931,932,0.04138,1.0,,
932,933,0.09664,0.96667,,
933,934,0.301,0.8869,,
934,935,0.13886,0.95455,,
935,936,0.13114,0.92857,,
936,937,0.16395,0.90909,,
937,938,0.19451,0.9,,
938,939,0.11089,0.95455,,
939,940,0.04737,1.0,,
940,941,0.14858,0.95455,,
941,942,0.11463,0.92857,,
942,943,0.0945,0.92857,,
943,944,0.27751,0.85,,
944,945,0.18128,0.9,,
945,946,0.08921,0.95455,,
946,947,0.20951,0.96429,,
947,948,0.25224,0.86607,,
948,949,0.23093,0.85909,,
949,950,0.04008,1.0,,
950,951,0.25248,0.97368,,
951,952,0.03974,1.0,,
952,953,0.22504,0.79762,,
953,954,0.46299,0.81667,,
954,955,0.2024,0.96429,,
955,956,0.2493,0.81818,,
956,957,0.19617,0.90455,,
957,958,0.31976,0.84343,,
958,959,0.1963,0.82212,,
959,960,0.25446,0.9,,
960,961,0.10776,0.95455,,
961,962,0.13887,0.97368,,
962,963,0.17563,0.94118,,
963,964,0.12313,0.95455,,
964,965,0.20418,0.92308,,
965,966,0.17029,0.9,,
966,967,0.10465,0.92857,,
967,968,0.14635,0.875,,
968,969,0.12637,0.95455,,
969,970,0.28039,0.875,,
970,971,0.15744,0.95455,,
971,972,0.11092,0.95,,
972,973,0.19135,0.85,,
973,974,0.22433,0.90909,,
974,975,0.11598,0.95,,
975,976,0.2183,0.84524,,
976,977,0.16631,0.84559,,
977,978,0.12906,0.9697,,
978,979,0.13144,0.97368,,
979,980,0.15953,0.92308,,
980,981,0.12299,0.96875,,
981,982,0.09804,0.9,,
982,983,0.12035,1.0,,
983,984,0.12592,1.0,,
984,985,0.22273,0.90909,,
985,986,0.09075,0.95833,,
986,987,0.13372,0.97222,,
987,988,0.17403,0.9,,
988,989,0.08769,1.0,,
989,990,0.05787,1.0,,
990,991,0.33428,0.84343,,
991,992,0.11111,0.97368,,
992,993,0.11981,0.96429,,
993,994,0.04083,1.0,,
994,995,0.20548,0.94737,,
995,996,0.12415,0.97059,,
996,997,0.14944,0.95455,,
997,998,0.13166,0.96154,,
998,999,0.12225,0.96429,,
999,1000,0.25743,0.81868,,
1000,1001,0.27527,0.88889,0.19421,0.28571
1001,1002,0.14407,0.93333,,
1002,1003,0.17379,0.96875,,
1003,1004,0.12161,0.96154,,
1004,1005,0.07673,1.0,,
1005,1006,0.07624,0.97059,,
1006,1007,0.1179,0.96154,,
1007,1008,0.10859,0.95,,
1008,1009,0.11581,0.94444,,
1009,1010,0.17141,0.86111,,
1010,1011,0.20834,0.88889,,
1011,1012,0.10975,0.92857,,
1012,1013,0.26478,0.86607,,
1013,1014,0.10151,0.95,,
1014,1015,0.25224,0.90909,,
1015,1016,0.18056,0.95,,
1016,1017,0.04281,1.0,,
1017,1018,0.25029,0.9,,
1018,1019,0.04506,1.0,,
1019,1020,0.08778,0.9375,,
1020,1021,0.14125,0.96154,,
1021,1022,0.62402,0.80357,,
1022,1023,0.26206,0.95455,,
1023,1024,0.21025,0.88095,,
1024,1025,0.16324,0.91667,,
1025,1026,0.08738,0.96154,,
1026,1027,0.30876,0.88889,,
1027,1028,0.34755,0.89286,,
1028,1029,0.04949,1.0,,
1029,1030,0.11867,0.91667,,
1030,1031,0.12398,0.94444,,
1031,1032,0.11043,0.92857,,
1032,1033,0.0528,1.0,,
1033,1034,0.16342,0.94444,,
1034,1035,0.0578,1.0,,
1035,1036,0.2495,0.85354,,
1036,1037,0.06352,1.0,,
1037,1038,0.11258,0.88889,,
1038,1039,0.07211,1.0,,
1039,1040,0.05406,1.0,,
1040,1041,0.12713,0.96429,,
1041,1042,0.18073,0.89286,,
1042,1043,0.12676,0.94118,,
1043,1044,0.03313,1.0,,
1044,1045,0.04677,1.0,,
1045,1046,0.19597,0.81618,,
1046,1047,0.07578,1.0,,
1047,1048,0.23627,0.92857,,
1048,1049,0.13371,0.90909,,
1049,1050,0.09045,0.96154,,
1050,1051,0.02052,1.0,,
1051,1052,0.32038,0.86364,,
1052,1053,0.10423,0.95833,,
1053,1054,0.24063,0.8619,,
1054,1055,0.45694,0.90909,,
1055,1056,0.05997,1.0,,
1056,1057,0.04948,1.0,,
1057,1058,0.19204,0.95,,
1058,1059,0.08299,0.97222,,
1059,1060,0.11271,0.94444,,
1060,1061,0.18638,0.85714,,
1061,1062,0.19508,0.93333,,
1062,1063,0.42567,0.81818,,
1063,1064,0.06593,0.95455,,
1064,1065,0.16466,0.95833,,
1065,1066,0.43163,0.77083,,
1066,1067,0.02453,1.0,,
1067,1068,0.13569,0.96429,,
1068,1069,0.13206,0.92857,,
1069,1070,0.03566,1.0,,
1070,1071,0.10697,0.95455,,
1071,1072,0.35748,0.85455,,
1072,1073,0.15251,0.96154,,
1073,1074,0.1956,0.90179,,
1074,1075,0.07352,0.9697,,
1075,1076,0.14337,0.96429,,
1076,1077,0.08214,0.96667,,
1077,1078,0.25553,0.84722,,
1078,1079,0.09269,0.9375,,
1079,1080,0.17575,0.9,,
1080,1081,0.13376,0.97222,,
1081,1082,0.22966,0.85455,,
1082,1083,0.03905,1.0,,
1083,1084,0.09072,0.96667,,
1084,1085,0.06658,1.0,,
1085,1086,0.11568,0.94444,,
1086,1087,0.08354,1.0,,
1087,1088,0.12819,0.90455,,
1088,1089,0.15456,0.91667,,
1089,1090,0.09528,0.975,,
1090,1091,0.16344,0.93333,,
1091,1092,0.30172,0.86742,,
1092,1093,0.10683,0.95455,,
1093,1094,0.09704,0.97059,,
1094,1095,0.07235,0.92857,,
1095,1096,0.05669,1.0,,
1096,1097,0.2997,0.9,,
1097,1098,0.07687,0.96154,,
1098,1099,0.09216,0.96154,,
1099,1100,0.03335,1.0,,
1100,1101,0.08806,0.875,0.24201,0.28571
1101,1102,0.05334,1.0,,
1102,1103,0.23562,0.82143,,
1103,1104,0.05703,0.96154,,
1104,1105,0.24766,0.82381,,
1105,1106,0.19055,0.94118,,
1106,1107,0.11793,0.94444,,
1107,1108,0.0739,0.92857,,
1108,1109,0.12001,0.96154,,
1109,1110,0.38843,0.85165,,
1110,1111,0.28358,0.86058,,
1111,1112,0.05254,0.95833,,
1112,1113,0.33682,0.91905,,
1113,1114,0.07808,1.0,,
1114,1115,0.20754,0.89524,,
1115,1116,0.07287,1.0,,
1116,1117,0.04821,1.0,,
1117,1118,0.04115,1.0,,
1118,1119,0.03168,1.0,,
1119,1120,0.08786,0.95455,,
1120,1121,0.14328,0.95,,
1121,1122,0.24046,0.89899,,
1122,1123,0.20165,0.94737,,
1123,1124,0.01733,1.0,,
1124,1125,0.19407,0.95,,
1125,1126,0.18964,0.91288,,
1126,1127,0.19151,0.94118,,
1127,1128,0.16913,0.94118,,
1128,1129,0.53652,0.78947,,
1129,1130,0.13946,0.95,,
1130,1131,0.08135,0.95833,,
1131,1132,0.05186,0.9697,,
1132,1133,0.0508,0.96667,,
1133,1134,0.21762,0.94444,,
1134,1135,0.14465,0.96429,,
1135,1136,0.12683,0.90909,,
1136,1137,0.14285,0.92857,,
1137,1138,0.18538,0.92857,,
1138,1139,0.13015,0.95,,
1139,1140,0.25681,0.90455,,
1140,1141,0.1647,0.94118,,
1141,1142,0.07072,1.0,,
1142,1143,0.21885,0.87821,,
1143,1144,0.05485,1.0,,
1144,1145,0.05138,1.0,,
1145,1146,0.241,0.92857,,
1146,1147,0.07025,1.0,,
1147,1148,0.21887,0.83929,,
1148,1149,0.27467,0.86364,,
1149,1150,0.14692,0.92857,,
1150,1151,0.16399,0.89904,,
1151,1152,0.34448,0.73958,,
1152,1153,0.18679,0.875,,
1153,1154,0.22759,0.83889,,
1154,1155,0.07565,0.92857,,
1155,1156,0.19046,0.85354,,
1156,1157,0.2867,0.84559,,
1157,1158,0.13994,0.9,,
1158,1159,0.24136,0.9,,
1159,1160,0.15595,0.96667,,
1160,1161,0.13699,0.92857,,
1161,1162,0.07619,1.0,,
1162,1163,0.23616,0.94118,,
1163,1164,0.0644,1.0,,
1164,1165,0.14251,0.8619,,
1165,1166,0.26048,0.91667,,
1166,1167,0.15505,0.89011,,
1167,1168,0.08311,1.0,,
1168,1169,0.12199,0.92857,,
1169,1170,0.19882,0.95,,
1170,1171,0.07412,0.94444,,
1171,1172,0.17433,0.875,,
1172,1173,0.124,0.95,,
1173,1174,0.20357,0.82143,,
1174,1175,0.30465,0.75,,
1175,1176,0.04423,1.0,,
1176,1177,0.18031,0.84722,,
1177,1178,0.1261,0.95,,
1178,1179,0.14603,0.94737,,
1179,1180,0.20191,0.92803,,
1180,1181,0.17414,0.90833,,
1181,1182,0.09528,1.0,,
1182,1183,0.16077,0.91667,,
1183,1184,0.19848,0.82212,,
1184,1185,0.06051,1.0,,
1185,1186,0.09074,0.83333,,
1186,1187,0.31981,0.80128,,
1187,1188,0.25447,0.83889,,
1188,1189,0.04324,1.0,,
1189,1190,0.06629,0.96667,,
1190,1191,0.13453,0.96429,,
1191,1192,0.28923,0.9,,
1192,1193,0.07411,1.0,,
1193,1194,0.15433,0.97222,,
1194,1195,0.12138,0.96667,,
1195,1196,0.22919,0.83974,,
1196,1197,0.25708,0.96667,,
1197,1198,0.08807,0.95833,,
1198,1199,0.14058,0.89732,,
1199,1200,0.18803,0.96429,,
1200,1201,0.07226,0.95833,0.59614,0.5
1201,1202,0.22579,0.90476,,
1202,1203,0.18368,0.90455,,
1203,1204,0.14083,0.95,,
1204,1205,0.10766,0.95833,,
1205,1206,0.21886,0.96667,,
1206,1207,0.08468,1.0,,
1207,1208,0.216,0.96667,,
1208,1209,0.22482,0.91667,,
1209,1210,0.11723,0.89904,,
1210,1211,0.10412,1.0,,
1211,1212,0.15196,0.93056,,
1212,1213,0.18352,0.94118,,
1213,1214,0.20462,0.85714,,
1214,1215,0.10482,0.97222,,
1215,1216,0.15969,0.89773,,
1216,1217,0.0708,0.91667,,
1217,1218,0.25036,0.90625,,
1218,1219,0.02833,1.0,,
1219,1220,0.06409,1.0,,
1220,1221,0.19938,0.80833,,
1221,1222,0.0686,1.0,,
1222,1223,0.11106,0.95455,,
1223,1224,0.14141,0.95238,,
1224,1225,0.23115,0.80556,,
1225,1226,0.15331,0.97222,,
1226,1227,0.04694,1.0,,
1227,1228,0.24071,0.93333,,
1228,1229,0.10843,0.9697,,
1229,1230,0.11392,0.83333,,
1230,1231,0.06918,1.0,,
1231,1232,0.10581,0.92857,,
1232,1233,0.17874,0.89286,,
1233,1234,0.11307,0.97368,,
1234,1235,0.20793,0.84722,,
1235,1236,0.23435,0.87778,,
1236,1237,0.03938,1.0,,
1237,1238,0.04937,1.0,,
1238,1239,0.13778,0.92857,,
1239,1240,0.35837,0.76667,,
1240,1241,0.17262,0.88889,,
1241,1242,0.11592,0.9246,,
1242,1243,0.101,0.95833,,
1243,1244,0.2568,0.9375,,
1244,1245,0.19409,0.94444,,
1245,1246,0.15974,0.92857,,
1246,1247,0.20672,0.77778,,
1247,1248,0.04423,1.0,,
1248,1249,0.16726,0.96154,,
1249,1250,0.17056,0.96429,,
1250,1251,0.15739,0.90417,,
1251,1252,0.06154,0.95833,,
1252,1253,0.07739,1.0,,
1253,1254,0.05721,0.9375,,
1254,1255,0.14346,0.96667,,
1255,1256,0.07839,1.0,,
1256,1257,0.1256,0.95,,
1257,1258,0.10288,0.95455,,
1258,1259,0.13142,0.94737,,
1259,1260,0.13799,0.9,,
1260,1261,0.17724,0.92105,,
1261,1262,0.12157,0.90278,,
1262,1263,0.07445,1.0,,
1263,1264,0.29202,0.9375,,
1264,1265,0.15995,0.89177,,
1265,1266,0.13315,0.96154,,
1266,1267,0.06359,1.0,,
1267,1268,0.17268,0.96154,,
1268,1269,0.12869,0.90909,,
1269,1270,0.27605,0.83889,,
1270,1271,0.0888,0.95,,
1271,1272,0.04528,1.0,,
1272,1273,0.13999,0.9697,,
1273,1274,0.11988,0.89732,,
1274,1275,0.1279,0.91304,,
1275,1276,0.21277,0.90909,,
1276,1277,0.32059,0.81548,,
1277,1278,0.1336,0.89011,,
1278,1279,0.12466,0.94444,,
1279,1280,0.0227,1.0,,
1280,1281,0.24306,0.89286,,
1281,1282,0.14643,0.95455,,
1282,1283,0.17537,0.94737,,
1283,1284,0.05833,1.0,,
1284,1285,0.10881,0.95455,,
1285,1286,0.1729,0.93333,,
1286,1287,0.09303,0.97368,,
1287,1288,0.04128,1.0,,
1288,1289,0.36433,0.86364,,
1289,1290,0.04786,1.0,,
1290,1291,0.05904,0.95,,
1291,1292,0.19697,0.84444,,
1292,1293,0.07315,1.0,,
1293,1294,0.12554,0.97222,,
1294,1295,0.11466,0.89286,,
1295,1296,0.0946,0.90909,,
1296,1297,0.05808,1.0,,
1297,1298,0.04217,1.0,,
1298,1299,0.12447,0.95,,
1299,1300,0.21354,0.91667,,
1300,1301,0.09251,0.96154,0.77651,0.43478
1301,1302,0.0431,1.0,,
1302,1303,0.04321,1.0,,
1303,1304,0.06713,0.9375,,
1304,1305,0.02831,1.0,,
1305,1306,0.06334,0.96429,,
1306,1307,0.178,0.95455,,
1307,1308,0.19431,0.9,,
1308,1309,0.03722,1.0,,
1309,1310,0.07287,1.0,,
1310,1311,0.14498,0.92857,,
1311,1312,0.38747,0.85714,,
1312,1313,0.10615,0.95,,
1313,1314,0.09823,0.9697,,
1314,1315,0.23774,0.9,,
1315,1316,0.13458,0.95455,,
1316,1317,0.18013,0.89286,,
1317,1318,0.22638,0.90455,,
1318,1319,0.05494,0.96875,,
1319,1320,0.27686,0.92803,,
1320,1321,0.13542,0.89899,,
1321,1322,0.12052,0.96875,,
1322,1323,0.25689,0.92308,,
1323,1324,0.03665,1.0,,
1324,1325,0.13423,0.92857,,
1325,1326,0.17434,0.96667,,
1326,1327,0.18563,0.95833,,
1327,1328,0.29769,0.86111,,
1328,1329,0.01238,1.0,,
1329,1330,0.18152,0.9375,,
1330,1331,0.03617,1.0,,
1331,1332,0.04312,1.0,,
1332,1333,0.14771,0.96154,,
1333,1334,0.05451,0.96429,,
1334,1335,0.06876,1.0,,
1335,1336,0.129,0.95,,
1336,1337,0.13078,0.92308,,
1337,1338,0.20486,0.9375,,
1338,1339,0.23945,0.85714,,
1339,1340,0.08097,0.95,,
1340,1341,0.05871,1.0,,
1341,1342,0.0977,0.95,,
1342,1343,0.3448,0.85,,
1343,1344,0.24013,0.95,,
1344,1345,0.05151,1.0,,
1345,1346,0.17068,0.91667,,
1346,1347,0.2688,0.94118,,
1347,1348,0.13625,0.92308,,
1348,1349,0.18282,0.92857,,
1349,1350,0.10284,0.91667,,
1350,1351,0.10243,0.95455,,
1351,1352,0.04951,1.0,,
1352,1353,0.28103,0.925,,
1353,1354,0.05151,0.96154,,
1354,1355,0.43657,0.79048,,
1355,1356,0.16801,0.92857,,
1356,1357,0.07854,0.88889,,
1357,1358,0.14472,0.92208,,
1358,1359,0.07575,0.96875,,
1359,1360,0.17238,0.91534,,
1360,1361,0.08272,0.96667,,
1361,1362,0.20953,0.8869,,
1362,1363,0.15565,0.91667,,
1363,1364,0.06956,0.95833,,
1364,1365,0.1959,0.89524,,
1365,1366,0.23132,0.8,,
1366,1367,0.1722,0.875,,
1367,1368,0.04803,1.0,,
1368,1369,0.16517,0.82828,,
1369,1370,0.05996,1.0,,
1370,1371,0.05895,0.96154,,
1371,1372,0.1085,0.95,,
1372,1373,0.06815,1.0,,
1373,1374,0.0852,1.0,,
1374,1375,0.09937,0.96154,,
1375,1376,0.05454,0.91667,,
1376,1377,0.34804,0.95,,
1377,1378,0.06863,0.97059,,
1378,1379,0.08168,1.0,,
1379,1380,0.14864,0.91667,,
1380,1381,0.15011,0.94444,,
1381,1382,0.08712,0.97059,,
1382,1383,0.09689,0.97222,,
1383,1384,0.08257,1.0,,
1384,1385,0.16143,0.89899,,
1385,1386,0.08116,0.96154,,
1386,1387,0.1836,0.84375,,
1387,1388,0.13603,0.94444,,
1388,1389,0.39202,0.92857,,
1389,1390,0.06652,0.95455,,
1390,1391,0.09548,0.97222,,
1391,1392,0.08381,1.0,,
1392,1393,0.2167,0.96667,,
1393,1394,0.08764,0.95455,,
1394,1395,0.22706,0.92308,,
1395,1396,0.26516,0.78947,,
1396,1397,0.32509,0.9,,
1397,1398,0.05189,1.0,,
1398,1399,0.05749,1.0,,
1399,1400,0.02937,1.0,,
1400,1401,0.33287,0.77083,0.9819,0.5
1401,1402,0.17374,0.89524,,
1402,1403,0.08422,1.0,,
1403,1404,0.08679,0.92857,,
1404,1405,0.2191,0.89773,,
1405,1406,0.31696,0.80128,,
1406,1407,0.2105,0.85909,,
1407,1408,0.06405,0.96667,,
1408,1409,0.27522,0.875,,
1409,1410,0.16396,0.96667,,
1410,1411,0.1163,0.95,,
1411,1412,0.20367,0.95455,,
1412,1413,0.14755,0.92857,,
1413,1414,0.07287,0.875,,
1414,1415,0.21283,0.96154,,
1415,1416,0.0885,0.96429,,
1416,1417,0.19319,0.86905,,
1417,1418,0.26727,0.81618,,
1418,1419,0.24933,0.85909,,
1419,1420,0.38571,0.8125,,
1420,1421,0.07258,1.0,,
1421,1422,0.1516,0.95455,,
1422,1423,0.12385,0.95,,
1423,1424,0.13682,0.94118,,
1424,1425,0.06652,1.0,,
1425,1426,0.12229,0.9375,,
1426,1427,0.06524,0.96154,,
1427,1428,0.095,0.9375,,
1428,1429,0.14632,0.96429,,
1429,1430,0.06393,1.0,,
1430,1431,0.25359,0.93333,,
1431,1432,0.35871,0.80556,,
1432,1433,0.04431,1.0,,
1433,1434,0.02449,1.0,,
1434,1435,0.19625,0.94118,,
1435,1436,0.08764,0.95455,,
1436,1437,0.14211,0.92857,,
1437,1438,0.09475,0.97222,,
1438,1439,0.11924,0.95,,
1439,1440,0.08979,0.90417,,
1440,1441,0.12683,0.90909,,
1441,1442,0.15708,0.95455,,
1442,1443,0.10181,0.95455,,
1443,1444,0.0769,0.91667,,
1444,1445,0.12449,0.91667,,
1445,1446,0.3042,0.85,,
1446,1447,0.04978,1.0,,
1447,1448,0.14742,0.93333,,
1448,1449,0.0916,0.83333,,
1449,1450,0.1414,0.85714,,
1450,1451,0.13319,0.9375,,
1451,1452,0.21449,0.91667,,
1452,1453,0.18689,0.94444,,
1453,1454,0.15265,0.96154,,
1454,1455,0.06799,1.0,,
1455,1456,0.08971,0.96667,,
1456,1457,0.02182,1.0,,
1457,1458,0.08116,0.95238,,
1458,1459,0.17075,0.96667,,
1459,1460,0.0884,0.96429,,
1460,1461,0.11244,0.97059,,
1461,1462,0.11009,0.80556,,
1462,1463,0.09426,0.97222,,
1463,1464,0.01693,1.0,,
1464,1465,0.2011,0.85165,,
1465,1466,0.24171,0.88889,,
1466,1467,0.03792,1.0,,
1467,1468,0.19714,0.91667,,
1468,1469,0.11297,0.97059,,
1469,1470,0.10761,0.96429,,
1470,1471,0.26303,0.91176,,
1471,1472,0.11476,0.96429,,
1472,1473,0.1269,0.96429,,
1473,1474,0.089,0.92857,,
1474,1475,0.22076,0.875,,
1475,1476,0.06318,0.96667,,
1476,1477,0.41721,0.80357,,
1477,1478,0.23906,0.85455,,
1478,1479,0.04183,1.0,,
1479,1480,0.32842,0.90909,,
1480,1481,0.13154,0.89474,,
1481,1482,0.09051,0.95455,,
1482,1483,0.03491,1.0,,
1483,1484,0.03846,1.0,,
1484,1485,0.16421,0.94444,,
1485,1486,0.04463,1.0,,
1486,1487,0.15597,0.97059,,
1487,1488,0.11631,0.95455,,
1488,1489,0.12919,0.96667,,
1489,1490,0.43598,0.73889,,
1490,1491,0.10152,0.92857,,
1491,1492,0.27907,0.8125,,
1492,1493,0.1917,0.95,,
1493,1494,0.08476,0.96429,,
1494,1495,0.05431,1.0,,
1495,1496,0.30956,0.83333,,
1496,1497,0.16514,0.80556,,
1497,1498,0.13261,0.96154,,
1498,1499,0.26356,0.83974,,
1499,1500,0.08529,0.95238,,
1500,1501,0.1306,0.95833,0.8179,0.5
1501,1502,0.15121,0.9375,,
1502,1503,0.12984,0.90417,,
1503,1504,0.03658,1.0,,
1504,1505,0.04964,1.0,,
1505,1506,0.02892,1.0,,
1506,1507,0.13127,0.95455,,
1507,1508,0.11953,0.96875,,
1508,1509,0.16358,0.95833,,
1509,1510,0.12053,0.90417,,
1510,1511,0.05315,1.0,,
1511,1512,0.10667,0.89899,,
1512,1513,0.18244,0.93333,,
1513,1514,0.1234,0.92857,,
1514,1515,0.06612,1.0,,
1515,1516,0.14325,0.95238,,
1516,1517,0.13887,0.95455,,
1517,1518,0.18919,0.96667,,
1518,1519,0.12801,0.96875,,
1519,1520,0.14838,0.96875,,
1520,1521,0.1327,0.9375,,
1521,1522,0.0467,1.0,,
1522,1523,0.17995,0.94118,,
1523,1524,0.09281,0.92308,,
1524,1525,0.23845,0.88889,,
1525,1526,0.07272,1.0,,
1526,1527,0.08656,0.94444,,
1527,1528,0.29279,0.92857,,
1528,1529,0.11379,0.96429,,
1529,1530,0.09779,0.97059,,
1530,1531,0.05525,0.95,,
1531,1532,0.06139,0.95455,,
1532,1533,0.04194,1.0,,
1533,1534,0.15562,0.975,,
1534,1535,0.18276,0.95455,,
1535,1536,0.05586,1.0,,
1536,1537,0.22737,0.89286,,
1537,1538,0.11626,0.92857,,
1538,1539,0.03145,1.0,,
1539,1540,0.09666,0.95,,
1540,1541,0.1005,0.92857,,
1541,1542,0.07771,0.95455,,
1542,1543,0.10233,0.96875,,
1543,1544,0.26267,0.88384,,
1544,1545,0.07306,1.0,,
1545,1546,0.12585,0.92857,,
1546,1547,0.10947,0.97222,,
1547,1548,0.16862,0.90417,,
1548,1549,0.22488,0.89011,,
1549,1550,0.37909,0.82857,,
1550,1551,0.08914,0.95833,,
1551,1552,0.07281,0.96429,,
1552,1553,0.19783,0.81944,,
1553,1554,0.04467,1.0,,
1554,1555,0.15947,0.96667,,
1555,1556,0.17498,0.83333,,
1556,1557,0.09982,0.96667,,
1557,1558,0.09193,1.0,,
1558,1559,0.17528,0.9375,,
1559,1560,0.26387,0.88889,,
1560,1561,0.05902,1.0,,
1561,1562,0.10576,0.9375,,
1562,1563,0.08964,0.92857,,
1563,1564,0.0561,0.92857,,
1564,1565,0.14905,0.95,,
1565,1566,0.22076,0.89286,,
1566,1567,0.09982,0.97368,,
1567,1568,0.1903,0.87121,,
1568,1569,0.09225,0.95,,
1569,1570,0.10443,1.0,,
1570,1571,0.15146,0.81868,,
1571,1572,0.06626,1.0,,
1572,1573,0.11908,0.92308,,
1573,1574,0.28057,0.94444,,
1574,1575,0.11573,0.95,,
1575,1576,0.0834,0.95455,,
1576,1577,0.13452,0.96429,,
1577,1578,0.04116,1.0,,
1578,1579,0.24188,0.89732,,
1579,1580,0.13286,0.95455,,
1580,1581,0.07549,0.96429,,
1581,1582,0.14847,0.95455,,
1582,1583,0.21879,0.9,,
1583,1584,0.44466,0.91176,,
1584,1585,0.18012,0.94737,,
1585,1586,0.09282,0.95,,
1586,1587,0.02565,1.0,,
1587,1588,0.11183,0.97222,,
1588,1589,0.11132,0.88889,,
1589,1590,0.09226,0.95,,
1590,1591,0.30792,0.88384,,
1591,1592,0.10638,0.94444,,
1592,1593,0.1522,0.96429,,
1593,1594,0.12889,0.91667,,
1594,1595,0.14217,0.96667,,
1595,1596,0.13973,0.89904,,
1596,1597,0.08656,0.96667,,
1597,1598,0.11621,0.96667,,
1598,1599,0.06629,1.0,,
1599,1600,0.15592,0.94444,,
1600,1601,0.10993,0.95455,0.86101,0.5
1601,1602,0.19093,0.96875,,
1602,1603,0.02685,1.0,,
1603,1604,0.07748,0.95,,
1604,1605,0.4291,0.7451,,
1605,1606,0.08965,0.96875,,
1606,1607,0.19859,0.95238,,
1607,1608,0.07222,1.0,,
1608,1609,0.13254,0.96667,,
1609,1610,0.31645,0.85909,,
1610,1611,0.04224,1.0,,
1611,1612,0.10159,0.96667,,
1612,1613,0.04419,1.0,,
1613,1614,0.30717,0.81319,,
1614,1615,0.14334,0.94444,,
1615,1616,0.17032,0.89286,,
1616,1617,0.20055,0.90909,,
1617,1618,0.16797,0.95,,
1618,1619,0.0681,1.0,,
1619,1620,0.10866,0.96667,,
1620,1621,0.05401,1.0,,
1621,1622,0.22269,0.85165,,
1622,1623,0.2448,0.79762,,
1623,1624,0.32242,0.9,,
1624,1625,0.13427,0.95455,,
1625,1626,0.05713,0.95455,,
1626,1627,0.08346,0.95238,,
1627,1628,0.25518,0.94444,,
1628,1629,0.08919,0.95455,,
1629,1630,0.26311,0.80455,,
1630,1631,0.18043,0.85714,,
1631,1632,0.09636,0.9375,,
1632,1633,0.19726,0.83333,,
